ip_prefix,region,service,network_border_group
99.77.254.0/24,us-east-1,CHIME_VOICECONNECTOR,us-east-1
107.23.255.0/26,us-east-1,ROUTE53_HEALTHCHECKS,us-east-1
54.243.31.192/26,us-east-1,ROUTE53_HEALTHCHECKS,us-east-1
18.34.0.0/19,us-east-1,S3,us-east-1
16.15.192.0/18,us-east-1,S3,us-east-1
54.231.0.0/16,us-east-1,S3,us-east-1
52.216.0.0/15,us-east-1,S3,us-east-1
18.34.232.0/21,us-east-1,S3,us-east-1
16.15.176.0/20,us-east-1,S3,us-east-1
16.182.0.0/16,us-east-1,S3,us-east-1
3.5.0.0/19,us-east-1,S3,us-east-1
1.178.4.0/24,us-east-1,S3,us-east-1
1.178.5.0/24,us-east-1,S3,us-east-1
1.178.6.0/24,us-east-1,S3,us-east-1
3.2.64.0/24,us-east-1,S3,us-east-1
3.2.65.0/24,us-east-1,S3,us-east-1
3.2.74.0/24,us-east-1,S3,us-east-1
44.192.134.240/28,us-east-1,S3,us-east-1
44.192.140.64/28,us-east-1,S3,us-east-1
35.50.139.0/24,us-east-1,IVS_REALTIME,us-east-1
35.55.30.0/24,us-east-1,IVS_REALTIME,us-east-1
35.50.137.0/24,us-east-1,IVS_REALTIME,us-east-1
35.50.141.0/24,us-east-1,IVS_REALTIME,us-east-1
35.55.29.0/24,us-east-1,IVS_REALTIME,us-east-1
35.55.32.0/24,us-east-1,IVS_REALTIME,us-east-1
3.217.228.0/22,us-east-1,WORKSPACES_GATEWAYS,us-east-1
3.227.4.0/22,us-east-1,WORKSPACES_GATEWAYS,us-east-1
3.235.112.0/21,us-east-1,WORKSPACES_GATEWAYS,us-east-1
44.209.84.0/22,us-east-1,WORKSPACES_GATEWAYS,us-east-1
44.214.144.0/22,us-east-1,WORKSPACES_GATEWAYS,us-east-1
44.214.148.0/22,us-east-1,WORKSPACES_GATEWAYS,us-east-1
44.214.152.0/22,us-east-1,WORKSPACES_GATEWAYS,us-east-1
44.214.156.0/22,us-east-1,WORKSPACES_GATEWAYS,us-east-1
52.23.61.0/24,us-east-1,WORKSPACES_GATEWAYS,us-east-1
52.23.62.0/24,us-east-1,WORKSPACES_GATEWAYS,us-east-1
15.181.232.0/21,us-east-1,EC2,us-east-1-iah-1
216.244.7.0/24,us-east-1,EC2,us-east-1
3.2.0.0/24,us-east-1,EC2,us-east-1-iah-1
18.97.0.0/18,us-east-1,EC2,us-east-1
52.4.0.0/14,us-east-1,EC2,us-east-1
96.0.102.0/23,us-east-1,EC2,us-east-1-bos-1
50.16.0.0/15,us-east-1,EC2,us-east-1
15.220.196.0/22,us-east-1,EC2,us-east-1-mia-1
161.188.116.0/22,us-east-1,EC2,us-east-1
64.252.69.0/24,us-east-1,EC2,us-east-1
216.244.40.0/21,us-east-1,EC2,us-east-1-dfw-1
35.96.28.0/23,us-east-1,EC2,us-east-1
3.4.0.0/24,us-east-1,EC2,us-east-1
15.220.222.0/23,us-east-1,EC2,us-east-1-mci-1
15.181.247.0/24,us-east-1,EC2,us-east-1-atl-1
18.232.0.0/14,us-east-1,EC2,us-east-1
155.146.80.0/20,us-east-1,EC2,us-east-1-wl1-mia-wlz-1
5.60.64.0/19,us-east-1,EC2,us-east-1
15.220.120.0/21,us-east-1,EC2,us-east-1-bue-1
155.146.224.0/20,us-east-1,EC2,us-east-1-wl1-msp-wlz-1
64.73.196.0/27,us-east-1,EC2,us-east-1
54.156.0.0/14,us-east-1,EC2,us-east-1
54.236.0.0/15,us-east-1,EC2,us-east-1
99.150.8.0/21,us-east-1,EC2,us-east-1
155.146.240.0/20,us-east-1,EC2,us-east-1-wl1-iah-wlz-1
15.181.160.0/20,us-east-1,EC2,us-east-1-nyc-1
15.181.80.0/20,us-east-1,EC2,us-east-1-atl-1
136.18.128.0/23,us-east-1,EC2,us-east-1
107.20.0.0/14,us-east-1,EC2,us-east-1
155.146.176.0/20,us-east-1,EC2,us-east-1-wl1-chi-wlz-1
54.25.15.0/24,us-east-1,EC2,us-east-1
64.73.195.224/27,us-east-1,EC2,us-east-1
54.144.0.0/14,us-east-1,EC2,us-east-1
35.50.139.0/24,us-east-1,EC2,us-east-1
75.101.128.0/17,us-east-1,EC2,us-east-1
96.0.16.0/21,us-east-1,EC2,us-east-1-lim-1
1.178.6.0/24,us-east-1,EC2,us-east-1
155.146.192.0/20,us-east-1,EC2,us-east-1-wl1-tpa-wlz-1
198.41.96.0/24,us-east-1,EC2,us-east-1
35.55.30.0/24,us-east-1,EC2,us-east-1
67.202.0.0/18,us-east-1,EC2,us-east-1
18.34.0.0/19,us-east-1,EC2,us-east-1
54.226.0.0/15,us-east-1,EC2,us-east-1
161.188.120.0/22,us-east-1,EC2,us-east-1
162.250.237.0/24,us-east-1,EC2,us-east-1
64.73.201.192/27,us-east-1,EC2,us-east-1
64.187.128.0/20,us-east-1,EC2,us-east-1-mia-1
64.73.200.32/27,us-east-1,EC2,us-east-1
64.252.125.0/24,us-east-1,EC2,us-east-1
3.224.0.0/12,us-east-1,EC2,us-east-1
54.221.0.0/16,us-east-1,EC2,us-east-1
15.193.128.0/22,us-east-1,EC2,us-east-1
15.181.112.0/22,us-east-1,EC2,us-east-1-bos-1
68.66.112.0/20,us-east-1,EC2,us-east-1-bos-1
64.73.197.160/27,us-east-1,EC2,us-east-1
35.50.137.0/24,us-east-1,EC2,us-east-1
15.181.241.0/24,us-east-1,EC2,us-east-1-dfw-1
34.192.0.0/12,us-east-1,EC2,us-east-1
13.216.0.0/13,us-east-1,EC2,us-east-1
64.252.68.0/24,us-east-1,EC2,us-east-1
99.77.191.0/24,us-east-1,EC2,us-east-1
44.192.0.0/11,us-east-1,EC2,us-east-1
3.4.9.0/24,us-east-1,EC2,us-east-1
64.73.196.128/27,us-east-1,EC2,us-east-1
162.250.238.0/23,us-east-1,EC2,us-east-1
16.15.192.0/18,us-east-1,EC2,us-east-1
136.18.138.0/23,us-east-1,EC2,us-east-1
168.185.5.0/24,us-east-1,EC2,us-east-1
3.41.128.0/17,us-east-1,EC2,us-east-1
23.20.0.0/14,us-east-1,EC2,us-east-1
64.252.64.0/24,us-east-1,EC2,us-east-1
3.4.1.0/24,us-east-1,EC2,us-east-1
15.220.184.0/21,us-east-1,EC2,us-east-1-qro-1
15.181.144.0/20,us-east-1,EC2,us-east-1-phl-1
15.181.254.0/24,us-east-1,EC2,us-east-1-mia-1
64.73.199.128/27,us-east-1,EC2,us-east-1
54.112.0.0/18,us-east-1,EC2,us-east-1
155.146.0.0/20,us-east-1,EC2,us-east-1-wl1-bos-wlz-1
99.151.190.0/23,us-east-1,EC2,us-east-1
52.44.0.0/15,us-east-1,EC2,us-east-1
15.181.176.0/20,us-east-1,EC2,us-east-1-chi-1
15.181.48.0/20,us-east-1,EC2,us-east-1-msp-1
96.0.131.0/24,us-east-1,EC2,us-east-1-scl-1
192.157.36.0/24,us-east-1,EC2,us-east-1
15.193.6.0/24,us-east-1,EC2,us-east-1
52.90.0.0/15,us-east-1,EC2,us-east-1
139.56.20.0/23,us-east-1,EC2,us-east-1-wl1-tpa-wlz-1
15.220.176.0/21,us-east-1,EC2,us-east-1-qro-1
52.0.0.0/15,us-east-1,EC2,us-east-1
208.110.48.0/20,us-east-1,EC2,us-east-1
64.73.198.192/27,us-east-1,EC2,us-east-1
151.148.36.0/24,us-east-1,EC2,us-east-1
52.54.0.0/15,us-east-1,EC2,us-east-1
16.56.64.0/18,us-east-1,EC2,us-east-1
136.18.160.0/23,us-east-1,EC2,us-east-1
35.54.32.0/21,us-east-1,EC2,us-east-1
35.71.76.0/22,us-east-1,EC2,us-east-1
3.4.10.0/24,us-east-1,EC2,us-east-1
99.77.129.0/24,us-east-1,EC2,us-east-1
18.96.0.0/24,us-east-1,EC2,us-east-1
139.56.24.0/23,us-east-1,EC2,us-east-1-wl1-msp-wlz-1
64.73.199.64/27,us-east-1,EC2,us-east-1
35.153.0.0/16,us-east-1,EC2,us-east-1
5.179.96.0/20,us-east-1,EC2,us-east-1
161.188.127.0/24,us-east-1,EC2,us-east-1-wl1-was-wlz-1
162.250.236.0/24,us-east-1,EC2,us-east-1
18.96.1.0/24,us-east-1,EC2,us-east-1
64.73.198.224/27,us-east-1,EC2,us-east-1
64.73.200.64/27,us-east-1,EC2,us-east-1
52.200.0.0/13,us-east-1,EC2,us-east-1
75.22.192.0/18,us-east-1,EC2,us-east-1
34.224.0.0/12,us-east-1,EC2,us-east-1
35.50.141.0/24,us-east-1,EC2,us-east-1
96.0.88.0/22,us-east-1,EC2,us-east-1-chi-1
136.18.50.0/23,us-east-1,EC2,us-east-1
13.130.0.0/16,us-east-1,EC2,us-east-1
198.41.102.0/24,us-east-1,EC2,us-east-1-nyc-2
54.25.14.0/24,us-east-1,EC2,us-east-1
64.73.198.128/27,us-east-1,EC2,us-east-1
139.56.28.0/23,us-east-1,EC2,us-east-1-wl1-bna-wlz-1
216.198.193.0/24,us-east-1,EC2,us-east-1
139.56.26.0/23,us-east-1,EC2,us-east-1-wl1-iah-wlz-1
96.0.100.0/23,us-east-1,EC2,us-east-1-mia-1
161.188.16.0/20,us-east-1,EC2,us-east-1-wl1-dtw-wlz-1
64.73.197.32/27,us-east-1,EC2,us-east-1
198.41.98.0/24,us-east-1,EC2,us-east-1-chi-2
35.96.253.0/24,us-east-1,EC2,us-east-1
63.246.119.0/24,us-east-1,EC2,us-east-1
155.146.208.0/20,us-east-1,EC2,us-east-1-wl1-clt-wlz-1
50.19.0.0/16,us-east-1,EC2,us-east-1
64.73.200.128/27,us-east-1,EC2,us-east-1
136.18.130.0/23,us-east-1,EC2,us-east-1
35.111.255.0/24,us-east-1,EC2,us-east-1
64.73.195.128/27,us-east-1,EC2,us-east-1
64.73.198.96/27,us-east-1,EC2,us-east-1
3.2.3.0/24,us-east-1,EC2,us-east-1-bos-1
64.73.201.0/27,us-east-1,EC2,us-east-1
206.72.209.0/24,us-east-1,EC2,us-east-1
161.188.80.0/20,us-east-1,EC2,us-east-1
174.129.0.0/16,us-east-1,EC2,us-east-1
18.89.128.0/18,us-east-1,EC2,us-east-1-iah-2
52.95.255.80/28,us-east-1,EC2,us-east-1
64.73.199.96/27,us-east-1,EC2,us-east-1
96.0.12.0/22,us-east-1,EC2,us-east-1-lim-1
15.181.224.0/21,us-east-1,EC2,us-east-1-dfw-1
18.208.0.0/13,us-east-1,EC2,us-east-1
52.95.245.0/24,us-east-1,EC2,us-east-1
99.77.187.0/24,us-east-1,EC2,us-east-1
64.73.200.0/27,us-east-1,EC2,us-east-1
136.18.132.0/23,us-east-1,EC2,us-east-1
64.73.201.96/27,us-east-1,EC2,us-east-1
64.73.201.128/27,us-east-1,EC2,us-east-1
98.88.0.0/13,us-east-1,EC2,us-east-1
64.73.200.160/27,us-east-1,EC2,us-east-1
216.198.224.0/22,us-east-1,EC2,us-east-1
64.73.196.192/27,us-east-1,EC2,us-east-1
75.2.128.0/18,us-east-1,EC2,us-east-1
184.72.128.0/17,us-east-1,EC2,us-east-1
54.80.0.0/13,us-east-1,EC2,us-east-1
64.73.201.32/27,us-east-1,EC2,us-east-1
52.20.0.0/14,us-east-1,EC2,us-east-1
52.94.201.0/26,us-east-1,EC2,us-east-1
64.73.199.32/27,us-east-1,EC2,us-east-1
64.73.199.192/27,us-east-1,EC2,us-east-1
139.56.18.0/23,us-east-1,EC2,us-east-1-wl1-chi-wlz-1
54.242.0.0/15,us-east-1,EC2,us-east-1
139.56.34.0/24,us-east-1,EC2,us-east-1-wl1-was-wlz-1
216.182.238.0/23,us-east-1,EC2,us-east-1
64.73.196.160/27,us-east-1,EC2,us-east-1
98.80.0.0/13,us-east-1,EC2,us-east-1
35.96.32.0/24,us-east-1,EC2,us-east-1
18.88.0.0/18,us-east-1,EC2,us-east-1
208.86.88.0/23,us-east-1,EC2,us-east-1
54.208.0.0/15,us-east-1,EC2,us-east-1
18.96.2.0/24,us-east-1,EC2,us-east-1
64.73.198.0/27,us-east-1,EC2,us-east-1
161.178.128.0/18,us-east-1,EC2,us-east-1-nyc-2
16.56.128.0/18,us-east-1,EC2,us-east-1-chi-2
24.110.16.0/20,us-east-1,EC2,us-east-1
99.77.128.0/24,us-east-1,EC2,us-east-1
161.188.0.0/20,us-east-1,EC2,us-east-1-wl1-bna-wlz-1
54.152.0.0/16,us-east-1,EC2,us-east-1
35.55.29.0/24,us-east-1,EC2,us-east-1
52.70.0.0/15,us-east-1,EC2,us-east-1
52.94.248.0/28,us-east-1,EC2,us-east-1
96.0.56.0/22,us-east-1,EC2,us-east-1-scl-1
96.0.84.0/22,us-east-1,EC2,us-east-1-msp-1
99.77.254.0/24,us-east-1,EC2,us-east-1
216.198.252.0/22,us-east-1,EC2,us-east-1
70.232.92.0/22,us-east-1,EC2,us-east-1
3.2.74.0/24,us-east-1,EC2,us-east-1
18.96.3.0/24,us-east-1,EC2,us-east-1
35.71.68.0/22,us-east-1,EC2,us-east-1
15.177.64.0/23,us-east-1,EC2,us-east-1
46.51.208.0/22,us-east-1,EC2,us-east-1
52.86.0.0/15,us-east-1,EC2,us-east-1
54.25.20.0/24,us-east-1,EC2,us-east-1
15.220.233.0/24,us-east-1,EC2,us-east-1-atl-1
64.73.200.192/27,us-east-1,EC2,us-east-1
54.172.0.0/15,us-east-1,EC2,us-east-1
64.73.196.64/27,us-east-1,EC2,us-east-1
18.204.0.0/14,us-east-1,EC2,us-east-1
54.88.0.0/14,us-east-1,EC2,us-east-1
173.83.200.0/22,us-east-1,EC2,us-east-1
64.73.201.224/27,us-east-1,EC2,us-east-1
3.2.2.0/24,us-east-1,EC2,us-east-1-mia-1
64.252.66.0/24,us-east-1,EC2,us-east-1
3.3.5.0/24,us-east-1,EC2,us-east-1
52.2.0.0/15,us-east-1,EC2,us-east-1
155.146.64.0/20,us-east-1,EC2,us-east-1-wl1-nyc-wlz-1
184.72.64.0/18,us-east-1,EC2,us-east-1
198.41.97.0/24,us-east-1,EC2,us-east-1-atl-2
15.181.192.0/19,us-east-1,EC2,us-east-1-dfw-1
216.182.232.0/22,us-east-1,EC2,us-east-1
3.2.64.0/24,us-east-1,EC2,us-east-1
16.56.0.0/18,us-east-1,EC2,us-east-1-atl-2
99.151.184.0/23,us-east-1,EC2,us-east-1
15.181.242.0/24,us-east-1,EC2,us-east-1-phl-1
54.25.82.0/24,us-east-1,EC2,us-east-1
64.73.198.64/27,us-east-1,EC2,us-east-1
204.236.192.0/18,us-east-1,EC2,us-east-1
35.168.0.0/13,us-east-1,EC2,us-east-1
15.181.40.0/21,us-east-1,EC2,us-east-1-nyc-1
18.34.232.0/21,us-east-1,EC2,us-east-1
72.44.32.0/19,us-east-1,EC2,us-east-1
15.181.96.0/20,us-east-1,EC2,us-east-1-mci-1
13.128.0.0/16,us-east-1,EC2,us-east-1
64.73.195.192/27,us-east-1,EC2,us-east-1
3.4.2.0/24,us-east-1,EC2,us-east-1
3.2.65.0/24,us-east-1,EC2,us-east-1
54.92.128.0/17,us-east-1,EC2,us-east-1
99.77.151.0/24,us-east-1,EC2,us-east-1
216.182.224.0/21,us-east-1,EC2,us-east-1
136.18.254.0/23,us-east-1,EC2,us-east-1
54.204.0.0/15,us-east-1,EC2,us-east-1
64.73.198.160/27,us-east-1,EC2,us-east-1
35.55.32.0/24,us-east-1,EC2,us-east-1
54.196.0.0/15,us-east-1,EC2,us-east-1
54.26.166.0/24,us-east-1,EC2,us-east-1
155.146.32.0/20,us-east-1,EC2,us-east-1-wl1-was-wlz-1
15.220.220.0/23,us-east-1,EC2,us-east-1-mia-1
31.220.236.0/24,us-east-1,EC2,us-east-1
52.72.0.0/15,us-east-1,EC2,us-east-1
16.15.176.0/20,us-east-1,EC2,us-east-1
64.73.196.224/27,us-east-1,EC2,us-east-1
64.73.199.160/27,us-east-1,EC2,us-east-1
54.160.0.0/13,us-east-1,EC2,us-east-1
54.234.0.0/15,us-east-1,EC2,us-east-1
15.220.248.0/23,us-east-1,EC2,us-east-1-phl-1
136.18.136.0/23,us-east-1,EC2,us-east-1
15.220.250.0/23,us-east-1,EC2,us-east-1-msp-1
15.220.236.0/22,us-east-1,EC2,us-east-1-mci-1
64.73.197.96/27,us-east-1,EC2,us-east-1
64.73.195.96/27,us-east-1,EC2,us-east-1
64.73.196.96/27,us-east-1,EC2,us-east-1
155.146.48.0/20,us-east-1,EC2,us-east-1-wl1-atl-wlz-1
161.188.48.0/20,us-east-1,EC2,us-east-1-foe-wlz-1
64.73.202.0/27,us-east-1,EC2,us-east-1
15.181.249.0/24,us-east-1,EC2,us-east-1-msp-1
18.88.64.0/18,us-east-1,EC2,us-east-1
64.73.196.32/27,us-east-1,EC2,us-east-1
139.56.22.0/23,us-east-1,EC2,us-east-1-wl1-clt-wlz-1
161.193.0.0/18,us-east-1,EC2,us-east-1-mia-2
198.41.101.0/24,us-east-1,EC2,us-east-1-mia-2
64.73.197.224/27,us-east-1,EC2,us-east-1
142.4.178.0/24,us-east-1,EC2,us-east-1
3.208.0.0/12,us-east-1,EC2,us-east-1
161.178.0.0/18,us-east-1,EC2,us-east-1-chi-2
64.73.195.160/27,us-east-1,EC2,us-east-1
184.73.0.0/16,us-east-1,EC2,us-east-1
54.174.0.0/15,us-east-1,EC2,us-east-1
216.198.240.0/22,us-east-1,EC2,us-east-1
54.224.0.0/15,us-east-1,EC2,us-east-1
15.220.234.0/23,us-east-1,EC2,us-east-1-mia-1
18.96.4.0/22,us-east-1,EC2,us-east-1
35.96.144.0/20,us-east-1,EC2,us-east-1
64.73.203.160/27,us-east-1,EC2,us-east-1
96.0.96.0/22,us-east-1,EC2,us-east-1-dfw-1
3.80.0.0/12,us-east-1,EC2,us-east-1
64.73.200.96/27,us-east-1,EC2,us-east-1
75.47.0.0/18,us-east-1,EC2,us-east-1
155.146.96.0/20,us-east-1,EC2,us-east-1-wl1-dfw-wlz-1
54.239.103.128/26,us-east-1,EC2,us-east-1
96.0.104.0/22,us-east-1,EC2,us-east-1-phl-1
198.41.100.0/24,us-east-1,EC2,us-east-1-iah-2
204.87.185.0/24,us-east-1,EC2,us-east-1
64.73.197.0/27,us-east-1,EC2,us-east-1
64.73.201.64/27,us-east-1,EC2,us-east-1
64.252.67.0/24,us-east-1,EC2,us-east-1
54.198.0.0/16,us-east-1,EC2,us-east-1
64.73.197.192/27,us-east-1,EC2,us-east-1
64.73.199.0/27,us-east-1,EC2,us-east-1
15.181.244.0/24,us-east-1,EC2,us-east-1-phl-1
15.181.120.0/21,us-east-1,EC2,us-east-1-atl-1
64.73.200.224/27,us-east-1,EC2,us-east-1
3.5.0.0/19,us-east-1,EC2,us-east-1
15.181.246.0/24,us-east-1,EC2,us-east-1-mci-1
72.41.0.0/20,us-east-1,EC2,us-east-1-iah-1
54.210.0.0/15,us-east-1,EC2,us-east-1
15.181.240.0/24,us-east-1,EC2,us-east-1-dfw-1
16.56.192.0/18,us-east-1,EC2,us-east-1
64.73.201.160/27,us-east-1,EC2,us-east-1
198.41.99.0/24,us-east-1,EC2,us-east-1-dfw-2
192.43.175.0/24,us-east-1,EC2,us-east-1
100.48.0.0/12,us-east-1,EC2,us-east-1
100.24.0.0/13,us-east-1,EC2,us-east-1
139.56.30.0/23,us-east-1,EC2,us-east-1-wl1-dtw-wlz-1
1.178.4.0/24,us-east-1,EC2,us-east-1
3.3.32.0/23,us-east-1,EC2,us-east-1
96.0.152.0/21,us-east-1,EC2,us-east-1-scl-1
161.188.112.0/22,us-east-1,EC2,us-east-1-foe-wlz-1
15.181.32.0/21,us-east-1,EC2,us-east-1-chi-1
15.181.243.0/24,us-east-1,EC2,us-east-1-phl-1
31.220.220.0/22,us-east-1,EC2,us-east-1
96.0.92.0/23,us-east-1,EC2,us-east-1-chi-1
1.178.5.0/24,us-east-1,EC2,us-east-1
64.73.199.224/27,us-east-1,EC2,us-east-1
161.188.64.0/20,us-east-1,EC2,us-east-1
64.73.197.64/27,us-east-1,EC2,us-east-1
64.73.197.128/27,us-east-1,EC2,us-east-1
3.3.2.0/24,us-east-1,EC2,us-east-1
16.214.0.0/22,us-east-1,EC2,us-east-1
64.73.198.32/27,us-east-1,EC2,us-east-1
96.0.48.0/21,us-east-1,EC2,us-east-1-scl-1
23.228.228.0/22,us-east-1,EC2,us-east-1
3.231.2.0/25,us-east-1,CLOUDFRONT,us-east-1
3.234.232.224/27,us-east-1,CLOUDFRONT,us-east-1
3.236.169.192/26,us-east-1,CLOUDFRONT,us-east-1
3.236.48.0/23,us-east-1,CLOUDFRONT,us-east-1
34.195.252.0/24,us-east-1,CLOUDFRONT,us-east-1
34.226.14.0/24,us-east-1,CLOUDFRONT,us-east-1
44.220.194.0/23,us-east-1,CLOUDFRONT,us-east-1
44.220.196.0/23,us-east-1,CLOUDFRONT,us-east-1
44.220.198.0/23,us-east-1,CLOUDFRONT,us-east-1
44.220.200.0/23,us-east-1,CLOUDFRONT,us-east-1
44.220.202.0/23,us-east-1,CLOUDFRONT,us-east-1
44.222.66.0/24,us-east-1,CLOUDFRONT,us-east-1
3.2.58.0/24,us-east-1,GLOBALACCELERATOR,us-east-1
13.248.124.0/24,us-east-1,GLOBALACCELERATOR,us-east-1
99.82.166.0/24,us-east-1,GLOBALACCELERATOR,us-east-1
99.82.171.0/24,us-east-1,GLOBALACCELERATOR,us-east-1
99.82.167.0/24,us-east-1,GLOBALACCELERATOR,us-east-1
99.83.101.0/24,us-east-1,GLOBALACCELERATOR,us-east-1
99.82.175.0/24,us-east-1,GLOBALACCELERATOR,us-east-1
13.248.103.0/24,us-east-1,GLOBALACCELERATOR,us-east-1
13.248.108.0/24,us-east-1,GLOBALACCELERATOR,us-east-1
3.2.52.0/24,us-east-1,GLOBALACCELERATOR,us-east-1
3.2.50.0/24,us-east-1,GLOBALACCELERATOR,us-east-1
3.2.51.0/24,us-east-1,GLOBALACCELERATOR,us-east-1
99.82.165.0/24,us-east-1,GLOBALACCELERATOR,us-east-1
13.248.116.0/24,us-east-1,GLOBALACCELERATOR,us-east-1
15.193.6.0/24,us-east-1,AMAZON_CONNECT,us-east-1
52.55.191.224/27,us-east-1,AMAZON_CONNECT,us-east-1
15.177.64.0/23,us-east-1,ROUTE53_HEALTHCHECKS_PUBLISHING,us-east-1
35.172.155.192/27,us-east-1,CLOUD9,us-east-1
35.172.155.96/27,us-east-1,CLOUD9,us-east-1
34.228.4.208/28,us-east-1,CODEBUILD,us-east-1
44.192.245.160/28,us-east-1,CODEBUILD,us-east-1
44.192.255.128/28,us-east-1,CODEBUILD,us-east-1
3.216.135.0/24,us-east-1,API_GATEWAY,us-east-1
3.216.136.0/21,us-east-1,API_GATEWAY,us-east-1
3.216.144.0/23,us-east-1,API_GATEWAY,us-east-1
3.216.148.0/22,us-east-1,API_GATEWAY,us-east-1
3.235.26.0/23,us-east-1,API_GATEWAY,us-east-1
3.235.32.0/21,us-east-1,API_GATEWAY,us-east-1
3.238.166.0/24,us-east-1,API_GATEWAY,us-east-1
3.238.212.0/22,us-east-1,API_GATEWAY,us-east-1
44.206.4.0/22,us-east-1,API_GATEWAY,us-east-1
44.210.64.0/22,us-east-1,API_GATEWAY,us-east-1
44.212.176.0/23,us-east-1,API_GATEWAY,us-east-1
44.212.178.0/23,us-east-1,API_GATEWAY,us-east-1
44.212.180.0/23,us-east-1,API_GATEWAY,us-east-1
44.212.182.0/23,us-east-1,API_GATEWAY,us-east-1
44.218.96.0/23,us-east-1,API_GATEWAY,us-east-1
44.220.28.0/22,us-east-1,API_GATEWAY,us-east-1
18.206.107.160/29,us-east-1,ROUTE53_RESOLVER,us-east-1
18.209.113.240/28,us-east-1,ROUTE53_RESOLVER,us-east-1
18.209.113.64/27,us-east-1,ROUTE53_RESOLVER,us-east-1
18.213.156.96/28,us-east-1,ROUTE53_RESOLVER,us-east-1
18.232.1.128/26,us-east-1,ROUTE53_RESOLVER,us-east-1
18.232.1.192/26,us-east-1,ROUTE53_RESOLVER,us-east-1
18.232.1.32/30,us-east-1,ROUTE53_RESOLVER,us-east-1
18.232.1.36/30,us-east-1,ROUTE53_RESOLVER,us-east-1
18.232.1.40/30,us-east-1,ROUTE53_RESOLVER,us-east-1
18.232.1.44/30,us-east-1,ROUTE53_RESOLVER,us-east-1
18.232.1.48/28,us-east-1,ROUTE53_RESOLVER,us-east-1
18.232.1.64/26,us-east-1,ROUTE53_RESOLVER,us-east-1
3.208.72.176/28,us-east-1,ROUTE53_RESOLVER,us-east-1
3.209.202.48/28,us-east-1,ROUTE53_RESOLVER,us-east-1
3.209.83.0/27,us-east-1,ROUTE53_RESOLVER,us-east-1
3.209.83.144/28,us-east-1,ROUTE53_RESOLVER,us-east-1
3.209.83.160/27,us-east-1,ROUTE53_RESOLVER,us-east-1
3.209.83.192/26,us-east-1,ROUTE53_RESOLVER,us-east-1
3.209.83.32/27,us-east-1,ROUTE53_RESOLVER,us-east-1
3.209.83.64/27,us-east-1,ROUTE53_RESOLVER,us-east-1
3.209.83.96/27,us-east-1,ROUTE53_RESOLVER,us-east-1
3.209.84.0/25,us-east-1,ROUTE53_RESOLVER,us-east-1
3.209.84.128/25,us-east-1,ROUTE53_RESOLVER,us-east-1
3.209.85.0/25,us-east-1,ROUTE53_RESOLVER,us-east-1
3.209.85.128/27,us-east-1,ROUTE53_RESOLVER,us-east-1
3.209.85.160/27,us-east-1,ROUTE53_RESOLVER,us-east-1
3.209.85.192/27,us-east-1,ROUTE53_RESOLVER,us-east-1
3.209.87.0/25,us-east-1,ROUTE53_RESOLVER,us-east-1
3.209.87.128/25,us-east-1,ROUTE53_RESOLVER,us-east-1
3.216.99.160/27,us-east-1,ROUTE53_RESOLVER,us-east-1
3.228.170.0/26,us-east-1,ROUTE53_RESOLVER,us-east-1
3.228.170.128/25,us-east-1,ROUTE53_RESOLVER,us-east-1
3.228.170.64/26,us-east-1,ROUTE53_RESOLVER,us-east-1
3.228.171.0/25,us-east-1,ROUTE53_RESOLVER,us-east-1
3.228.171.128/25,us-east-1,ROUTE53_RESOLVER,us-east-1
3.228.172.0/25,us-east-1,ROUTE53_RESOLVER,us-east-1
3.228.172.128/25,us-east-1,ROUTE53_RESOLVER,us-east-1
3.228.173.0/25,us-east-1,ROUTE53_RESOLVER,us-east-1
3.228.173.128/26,us-east-1,ROUTE53_RESOLVER,us-east-1
3.228.173.192/26,us-east-1,ROUTE53_RESOLVER,us-east-1
3.228.181.0/24,us-east-1,ROUTE53_RESOLVER,us-east-1
3.228.182.0/31,us-east-1,ROUTE53_RESOLVER,us-east-1
3.228.182.10/32,us-east-1,ROUTE53_RESOLVER,us-east-1
3.228.182.100/32,us-east-1,ROUTE53_RESOLVER,us-east-1
3.228.182.46/31,us-east-1,ROUTE53_RESOLVER,us-east-1
3.228.182.48/28,us-east-1,ROUTE53_RESOLVER,us-east-1
3.228.182.5/32,us-east-1,ROUTE53_RESOLVER,us-east-1
3.228.182.6/31,us-east-1,ROUTE53_RESOLVER,us-east-1
3.228.182.64/27,us-east-1,ROUTE53_RESOLVER,us-east-1
3.228.182.8/31,us-east-1,ROUTE53_RESOLVER,us-east-1
3.228.182.96/30,us-east-1,ROUTE53_RESOLVER,us-east-1
3.238.178.100/30,us-east-1,ROUTE53_RESOLVER,us-east-1
3.238.178.104/29,us-east-1,ROUTE53_RESOLVER,us-east-1
3.238.178.112/29,us-east-1,ROUTE53_RESOLVER,us-east-1
3.238.178.120/31,us-east-1,ROUTE53_RESOLVER,us-east-1
3.238.178.128/27,us-east-1,ROUTE53_RESOLVER,us-east-1
3.238.178.160/29,us-east-1,ROUTE53_RESOLVER,us-east-1
3.238.178.168/30,us-east-1,ROUTE53_RESOLVER,us-east-1
3.238.178.172/30,us-east-1,ROUTE53_RESOLVER,us-east-1
3.238.178.176/28,us-east-1,ROUTE53_RESOLVER,us-east-1
3.238.178.192/30,us-east-1,ROUTE53_RESOLVER,us-east-1
3.238.178.196/32,us-east-1,ROUTE53_RESOLVER,us-east-1
3.238.178.197/32,us-east-1,ROUTE53_RESOLVER,us-east-1
3.238.178.198/31,us-east-1,ROUTE53_RESOLVER,us-east-1
3.238.178.200/29,us-east-1,ROUTE53_RESOLVER,us-east-1
3.238.178.208/28,us-east-1,ROUTE53_RESOLVER,us-east-1
3.238.178.224/27,us-east-1,ROUTE53_RESOLVER,us-east-1
3.238.207.0/26,us-east-1,ROUTE53_RESOLVER,us-east-1
3.238.207.128/25,us-east-1,ROUTE53_RESOLVER,us-east-1
3.238.208.0/25,us-east-1,ROUTE53_RESOLVER,us-east-1
3.238.208.128/25,us-east-1,ROUTE53_RESOLVER,us-east-1
3.238.209.0/25,us-east-1,ROUTE53_RESOLVER,us-east-1
3.238.209.128/25,us-east-1,ROUTE53_RESOLVER,us-east-1
3.238.210.0/25,us-east-1,ROUTE53_RESOLVER,us-east-1
3.238.216.128/25,us-east-1,ROUTE53_RESOLVER,us-east-1
3.239.152.0/31,us-east-1,ROUTE53_RESOLVER,us-east-1
3.239.152.12/31,us-east-1,ROUTE53_RESOLVER,us-east-1
3.239.152.128/29,us-east-1,ROUTE53_RESOLVER,us-east-1
3.239.152.136/31,us-east-1,ROUTE53_RESOLVER,us-east-1
3.239.152.138/31,us-east-1,ROUTE53_RESOLVER,us-east-1
3.239.152.14/31,us-east-1,ROUTE53_RESOLVER,us-east-1
3.239.152.140/30,us-east-1,ROUTE53_RESOLVER,us-east-1
3.239.152.144/28,us-east-1,ROUTE53_RESOLVER,us-east-1
3.239.152.16/28,us-east-1,ROUTE53_RESOLVER,us-east-1
3.239.152.160/27,us-east-1,ROUTE53_RESOLVER,us-east-1
3.239.152.192/26,us-east-1,ROUTE53_RESOLVER,us-east-1
3.239.152.2/31,us-east-1,ROUTE53_RESOLVER,us-east-1
3.239.152.32/29,us-east-1,ROUTE53_RESOLVER,us-east-1
3.239.152.4/32,us-east-1,ROUTE53_RESOLVER,us-east-1
3.239.152.40/30,us-east-1,ROUTE53_RESOLVER,us-east-1
3.239.152.44/31,us-east-1,ROUTE53_RESOLVER,us-east-1
3.239.152.46/31,us-east-1,ROUTE53_RESOLVER,us-east-1
3.239.152.48/28,us-east-1,ROUTE53_RESOLVER,us-east-1
3.239.152.5/32,us-east-1,ROUTE53_RESOLVER,us-east-1
3.239.152.6/31,us-east-1,ROUTE53_RESOLVER,us-east-1
3.239.152.64/26,us-east-1,ROUTE53_RESOLVER,us-east-1
3.239.152.8/30,us-east-1,ROUTE53_RESOLVER,us-east-1
3.239.153.0/24,us-east-1,ROUTE53_RESOLVER,us-east-1
3.239.154.0/24,us-east-1,ROUTE53_RESOLVER,us-east-1
3.239.155.0/24,us-east-1,ROUTE53_RESOLVER,us-east-1
3.239.156.0/31,us-east-1,ROUTE53_RESOLVER,us-east-1
3.239.156.10/31,us-east-1,ROUTE53_RESOLVER,us-east-1
3.239.156.100/30,us-east-1,ROUTE53_RESOLVER,us-east-1
3.239.156.104/29,us-east-1,ROUTE53_RESOLVER,us-east-1
3.239.156.112/29,us-east-1,ROUTE53_RESOLVER,us-east-1
3.239.157.188/30,us-east-1,ROUTE53_RESOLVER,us-east-1
3.239.157.19/32,us-east-1,ROUTE53_RESOLVER,us-east-1
3.239.157.192/26,us-east-1,ROUTE53_RESOLVER,us-east-1
3.239.157.2/31,us-east-1,ROUTE53_RESOLVER,us-east-1
3.239.157.20/30,us-east-1,ROUTE53_RESOLVER,us-east-1
3.239.157.24/29,us-east-1,ROUTE53_RESOLVER,us-east-1
3.239.157.32/27,us-east-1,ROUTE53_RESOLVER,us-east-1
3.239.157.4/30,us-east-1,ROUTE53_RESOLVER,us-east-1
3.239.157.64/27,us-east-1,ROUTE53_RESOLVER,us-east-1
3.239.157.8/31,us-east-1,ROUTE53_RESOLVER,us-east-1
3.239.157.96/30,us-east-1,ROUTE53_RESOLVER,us-east-1
34.226.106.180/32,us-east-1,ROUTE53_RESOLVER,us-east-1
34.231.114.205/32,us-east-1,ROUTE53_RESOLVER,us-east-1
34.231.213.21/32,us-east-1,ROUTE53_RESOLVER,us-east-1
34.236.241.44/30,us-east-1,ROUTE53_RESOLVER,us-east-1
34.238.188.0/29,us-east-1,ROUTE53_RESOLVER,us-east-1
35.168.231.216/29,us-east-1,ROUTE53_RESOLVER,us-east-1
35.170.83.0/25,us-east-1,ROUTE53_RESOLVER,us-east-1
35.170.83.144/28,us-east-1,ROUTE53_RESOLVER,us-east-1
35.170.83.160/28,us-east-1,ROUTE53_RESOLVER,us-east-1
35.170.83.176/28,us-east-1,ROUTE53_RESOLVER,us-east-1
35.170.83.192/26,us-east-1,ROUTE53_RESOLVER,us-east-1
35.171.100.0/28,us-east-1,ROUTE53_RESOLVER,us-east-1
35.171.100.128/26,us-east-1,ROUTE53_RESOLVER,us-east-1
35.171.100.208/28,us-east-1,ROUTE53_RESOLVER,us-east-1
35.171.100.224/27,us-east-1,ROUTE53_RESOLVER,us-east-1
35.171.100.64/26,us-east-1,ROUTE53_RESOLVER,us-east-1
44.192.135.0/25,us-east-1,ROUTE53_RESOLVER,us-east-1
44.192.135.128/25,us-east-1,ROUTE53_RESOLVER,us-east-1
44.192.140.112/28,us-east-1,EBS,us-east-1
44.192.140.128/29,us-east-1,EBS,us-east-1
44.222.159.166/31,us-east-1,EBS,us-east-1
44.222.159.176/28,us-east-1,EBS,us-east-1
18.206.107.24/29,us-east-1,EC2_INSTANCE_CONNECT,us-east-1
44.220.189.16/31,us-east-1,KINESIS_VIDEO_STREAMS,us-east-1
44.220.189.20/30,us-east-1,KINESIS_VIDEO_STREAMS,us-east-1
44.220.189.44/31,us-east-1,KINESIS_VIDEO_STREAMS,us-east-1
44.220.189.46/31,us-east-1,KINESIS_VIDEO_STREAMS,us-east-1
44.220.189.48/30,us-east-1,KINESIS_VIDEO_STREAMS,us-east-1
44.220.189.52/30,us-east-1,KINESIS_VIDEO_STREAMS,us-east-1
44.220.189.56/31,us-east-1,KINESIS_VIDEO_STREAMS,us-east-1
44.220.189.58/31,us-east-1,KINESIS_VIDEO_STREAMS,us-east-1
44.220.189.60/30,us-east-1,KINESIS_VIDEO_STREAMS,us-east-1
44.220.189.64/30,us-east-1,KINESIS_VIDEO_STREAMS,us-east-1
44.220.189.68/31,us-east-1,KINESIS_VIDEO_STREAMS,us-east-1
44.220.189.70/31,us-east-1,KINESIS_VIDEO_STREAMS,us-east-1
44.220.189.72/30,us-east-1,KINESIS_VIDEO_STREAMS,us-east-1
44.220.189.76/30,us-east-1,KINESIS_VIDEO_STREAMS,us-east-1
44.220.189.80/31,us-east-1,KINESIS_VIDEO_STREAMS,us-east-1
44.220.189.82/31,us-east-1,KINESIS_VIDEO_STREAMS,us-east-1
44.220.189.84/30,us-east-1,KINESIS_VIDEO_STREAMS,us-east-1
44.220.189.88/30,us-east-1,KINESIS_VIDEO_STREAMS,us-east-1
44.220.189.92/31,us-east-1,KINESIS_VIDEO_STREAMS,us-east-1
44.220.189.96/30,us-east-1,KINESIS_VIDEO_STREAMS,us-east-1
3.235.189.100/30,us-east-1,AMAZON_APPFLOW,us-east-1
3.235.189.96/30,us-east-1,AMAZON_APPFLOW,us-east-1
44.194.111.224/30,us-east-1,AMAZON_APPFLOW,us-east-1
18.97.33.128/25,us-east-1,AURORA_DSQL,us-east-1
44.216.41.152/29,us-east-1,MEDIA_PACKAGE_V2,us-east-1
44.216.41.160/29,us-east-1,MEDIA_PACKAGE_V2,us-east-1
3.218.180.0/22,us-east-1,DYNAMODB,us-east-1
52.119.232.0/21,us-east-1,DYNAMODB,us-east-1
35.71.76.0/22,us-east-1,DYNAMODB,us-east-1
35.71.68.0/22,us-east-1,DYNAMODB,us-east-1
52.119.224.0/21,us-east-1,DYNAMODB,us-east-1
52.94.0.0/22,us-east-1,DYNAMODB,us-east-1
